feature,coefficient
words,1.6623471909253678
links,2.3061750456782595
capital_words,3.5510462949284207
spam_word_count,2.3755518379132243
